,IDs,Champion names,Mastery levels,Sides,Red win
0,2315404267,Pyke,2,Side.blue,True
1,2315404267,Pantheon,7,Side.blue,True
2,2315404267,Yasuo,1,Side.blue,True
3,2315404267,Jhin,1,Side.blue,True
4,2315404267,Riven,5,Side.blue,True
5,2315404267,Senna,5,Side.red,True
6,2315404267,Lux,4,Side.red,True
7,2315404267,Vayne,1,Side.red,True
8,2315404267,Kha'Zix,6,Side.red,True
9,2315404267,Leona,7,Side.red,True
10,2315380781,Braum,3,Side.blue,False
11,2315380781,Ryze,2,Side.blue,False
12,2315380781,Jinx,4,Side.blue,False
13,2315380781,Sejuani,2,Side.blue,False
14,2315380781,Tristana,1,Side.blue,False
15,2315380781,Lee Sin,2,Side.red,False
16,2315380781,Alistar,4,Side.red,False
17,2315380781,Yasuo,2,Side.red,False
18,2315380781,Nasus,2,Side.red,False
19,2315380781,Fizz,2,Side.red,False
20,2313915937,Rammus,5,Side.blue,False
21,2313915937,Nasus,5,Side.blue,False
22,2313915937,Jinx,1,Side.blue,False
23,2313915937,Lulu,7,Side.blue,False
24,2313915937,Malzahar,0,Side.blue,False
25,2313915937,Lee Sin,7,Side.red,False
26,2313915937,Vayne,4,Side.red,False
27,2313915937,Kennen,3,Side.red,False
28,2313915937,Veigar,1,Side.red,False
29,2313915937,Vel'Koz,5,Side.red,False
30,2313902701,Nasus,4,Side.blue,False
31,2313902701,Kai'Sa,1,Side.blue,False
32,2313902701,Jarvan IV,3,Side.blue,False
33,2313902701,Alistar,2,Side.blue,False
34,2313902701,Galio,0,Side.blue,False
35,2313902701,Ryze,3,Side.red,False
36,2313902701,Yasuo,6,Side.red,False
37,2313902701,Braum,0,Side.red,False
38,2313902701,Lucian,7,Side.red,False
39,2313902701,Yorick,1,Side.red,False
40,2313909714,Jarvan IV,0,Side.blue,False
41,2313909714,Kayn,3,Side.blue,False
42,2313909714,Katarina,0,Side.blue,False
43,2313909714,Kai'Sa,3,Side.blue,False
44,2313909714,Thresh,1,Side.blue,False
45,2313909714,Rengar,2,Side.red,False
46,2313909714,Nautilus,3,Side.red,False
47,2313909714,Lucian,2,Side.red,False
48,2313909714,Yasuo,5,Side.red,False
49,2313909714,Sion,0,Side.red,False
50,2313856365,Vayne,3,Side.blue,True
51,2313856365,Morgana,0,Side.blue,True
52,2313856365,Irelia,0,Side.blue,True
53,2313856365,Elise,0,Side.blue,True
54,2313856365,Renekton,0,Side.blue,True
55,2313856365,Ekko,0,Side.red,True
56,2313856365,Aatrox,0,Side.red,True
57,2313856365,Ryze,0,Side.red,True
58,2313856365,Thresh,0,Side.red,True
59,2313856365,Lucian,0,Side.red,True
60,2313859570,Nautilus,1,Side.blue,True
61,2313859570,Master Yi,5,Side.blue,True
62,2313859570,Orianna,4,Side.blue,True
63,2313859570,Miss Fortune,1,Side.blue,True
64,2313859570,Yasuo,4,Side.blue,True
65,2313859570,Pyke,1,Side.red,True
66,2313859570,Kalista,3,Side.red,True
67,2313859570,Xerath,3,Side.red,True
68,2313859570,Jax,3,Side.red,True
69,2313859570,Kayn,3,Side.red,True
70,2313811102,Jax,3,Side.blue,True
71,2313811102,Thresh,2,Side.blue,True
72,2313811102,Lucian,7,Side.blue,True
73,2313811102,Master Yi,4,Side.blue,True
74,2313811102,Ahri,4,Side.blue,True
75,2313811102,Malphite,2,Side.red,True
76,2313811102,Katarina,1,Side.red,True
77,2313811102,Pyke,1,Side.red,True
78,2313811102,Caitlyn,6,Side.red,True
79,2313811102,Elise,7,Side.red,True
80,2312986606,Trundle,6,Side.blue,False
81,2312986606,Qiyana,7,Side.blue,False
82,2312986606,Pyke,5,Side.blue,False
83,2312986606,Jhin,2,Side.blue,False
84,2312986606,Zoe,6,Side.blue,False
85,2312986606,Blitzcrank,1,Side.red,False
86,2312986606,Nasus,4,Side.red,False
87,2312986606,Vayne,2,Side.red,False
88,2312986606,Ekko,1,Side.red,False
89,2312986606,Viktor,1,Side.red,False
90,2312935350,Caitlyn,2,Side.blue,True
91,2312935350,Lee Sin,3,Side.blue,True
92,2312935350,Senna,5,Side.blue,True
93,2312935350,Veigar,5,Side.blue,True
94,2312935350,Jax,0,Side.blue,True
95,2312935350,Elise,2,Side.red,True
96,2312935350,Mordekaiser,1,Side.red,True
97,2312935350,Braum,2,Side.red,True
98,2312935350,Lucian,3,Side.red,True
99,2312935350,Neeko,2,Side.red,True
100,2310720049,Fizz,0,Side.blue,False
101,2310720049,Senna,5,Side.blue,False
102,2310720049,Kha'Zix,3,Side.blue,False
103,2310720049,Ryze,2,Side.blue,False
104,2310720049,Ezreal,3,Side.blue,False
105,2310720049,Caitlyn,1,Side.red,False
106,2310720049,Shen,4,Side.red,False
107,2310720049,Thresh,3,Side.red,False
108,2310720049,Nami,5,Side.red,False
109,2310720049,Cho'Gath,0,Side.red,False
110,2310713569,Nami,0,Side.blue,False
111,2310713569,Miss Fortune,3,Side.blue,False
112,2310713569,Yasuo,2,Side.blue,False
113,2310713569,Zac,3,Side.blue,False
114,2310713569,Shen,3,Side.blue,False
115,2310713569,Fiora,6,Side.red,False
116,2310713569,Elise,3,Side.red,False
117,2310713569,Azir,4,Side.red,False
118,2310713569,Orianna,7,Side.red,False
119,2310713569,Lee Sin,5,Side.red,False
120,2310349038,Garen,1,Side.blue,False
121,2310349038,Lee Sin,6,Side.blue,False
122,2310349038,Vel'Koz,6,Side.blue,False
123,2310349038,Thresh,1,Side.blue,False
124,2310349038,Kai'Sa,2,Side.blue,False
125,2310349038,Nami,3,Side.red,False
126,2310349038,Ziggs,2,Side.red,False
127,2310349038,Jarvan IV,2,Side.red,False
128,2310349038,Renekton,4,Side.red,False
129,2310349038,Jhin,3,Side.red,False
130,2310300197,Master Yi,2,Side.blue,True
131,2310300197,Jhin,1,Side.blue,True
132,2310300197,Ahri,1,Side.blue,True
133,2310300197,Zyra,4,Side.blue,True
134,2310300197,Teemo,0,Side.blue,True
135,2310300197,Vi,2,Side.red,True
136,2310300197,Leona,1,Side.red,True
137,2310300197,Urgot,4,Side.red,True
138,2310300197,Diana,3,Side.red,True
139,2310300197,Caitlyn,1,Side.red,True
140,2309388079,Darius,3,Side.blue,False
141,2309388079,Shaco,4,Side.blue,False
142,2309388079,Ryze,1,Side.blue,False
143,2309388079,Jhin,7,Side.blue,False
144,2309388079,Vel'Koz,0,Side.blue,False
145,2309388079,Nautilus,5,Side.red,False
146,2309388079,Yasuo,1,Side.red,False
147,2309388079,Garen,6,Side.red,False
148,2309388079,Malphite,0,Side.red,False
149,2309388079,Jinx,5,Side.red,False
150,2309209169,Leona,6,Side.blue,False
151,2309209169,Garen,2,Side.blue,False
152,2309209169,Ryze,7,Side.blue,False
153,2309209169,Kayn,2,Side.blue,False
154,2309209169,Kai'Sa,3,Side.blue,False
155,2309209169,Orianna,5,Side.red,False
156,2309209169,Vayne,5,Side.red,False
157,2309209169,Yasuo,3,Side.red,False
158,2309209169,Soraka,0,Side.red,False
159,2309209169,Evelynn,5,Side.red,False
160,2309123268,Syndra,1,Side.blue,True
161,2309123268,Thresh,3,Side.blue,True
162,2309123268,Camille,1,Side.blue,True
163,2309123268,Kai'Sa,3,Side.blue,True
164,2309123268,Evelynn,0,Side.blue,True
165,2309123268,Gnar,3,Side.red,True
166,2309123268,Elise,3,Side.red,True
167,2309123268,Shaco,2,Side.red,True
168,2309123268,Ryze,2,Side.red,True
169,2309123268,Caitlyn,5,Side.red,True
170,2309071214,Ezreal,1,Side.blue,True
171,2309071214,Mordekaiser,1,Side.blue,True
172,2309071214,Senna,7,Side.blue,True
173,2309071214,Kha'Zix,3,Side.blue,True
174,2309071214,Heimerdinger,1,Side.blue,True
175,2309071214,Nami,1,Side.red,True
176,2309071214,Ryze,7,Side.red,True
177,2309071214,Caitlyn,4,Side.red,True
178,2309071214,Ekko,3,Side.red,True
179,2309071214,Urgot,1,Side.red,True
180,2308146063,Lucian,2,Side.blue,False
181,2308146063,Katarina,6,Side.blue,False
182,2308146063,Lee Sin,3,Side.blue,False
183,2308146063,Caitlyn,4,Side.blue,False
184,2308146063,Ziggs,1,Side.blue,False
185,2308146063,Zed,4,Side.red,False
186,2308146063,Kennen,4,Side.red,False
187,2308146063,Nocturne,1,Side.red,False
188,2308146063,Kai'Sa,2,Side.red,False
189,2308146063,Nami,0,Side.red,False
190,2308110588,Yasuo,1,Side.blue,False
191,2308110588,Morgana,0,Side.blue,False
192,2308110588,Garen,2,Side.blue,False
193,2308110588,Caitlyn,2,Side.blue,False
194,2308110588,Malphite,0,Side.blue,False
195,2308110588,Vel'Koz,3,Side.red,False
196,2308110588,Lee Sin,4,Side.red,False
197,2308110588,Kai'Sa,4,Side.red,False
198,2308110588,Nami,0,Side.red,False
199,2308110588,Irelia,5,Side.red,False
200,2308072459,Garen,2,Side.blue,False
201,2308072459,Caitlyn,2,Side.blue,False
202,2308072459,Cassiopeia,2,Side.blue,False
203,2308072459,Soraka,1,Side.blue,False
204,2308072459,Malphite,2,Side.blue,False
205,2308072459,Ahri,1,Side.red,False
206,2308072459,Sejuani,6,Side.red,False
207,2308072459,Aatrox,3,Side.red,False
208,2308072459,Kai'Sa,1,Side.red,False
209,2308072459,Nautilus,2,Side.red,False
210,2308064624,Yuumi,5,Side.blue,True
211,2308064624,Jax,6,Side.blue,True
212,2308064624,Kha'Zix,2,Side.blue,True
213,2308064624,Ryze,1,Side.blue,True
214,2308064624,Caitlyn,2,Side.blue,True
215,2308064624,Zac,2,Side.red,True
216,2308064624,Akali,2,Side.red,True
217,2308064624,Thresh,2,Side.red,True
218,2308064624,Xayah,2,Side.red,True
219,2308064624,Pantheon,5,Side.red,True
220,2308001749,Thresh,5,Side.blue,False
221,2308001749,Kai'Sa,4,Side.blue,False
222,2308001749,Amumu,4,Side.blue,False
223,2308001749,Olaf,5,Side.blue,False
224,2308001749,Zed,4,Side.blue,False
225,2308001749,Tristana,1,Side.red,False
226,2308001749,Vayne,6,Side.red,False
227,2308001749,Mordekaiser,3,Side.red,False
228,2308001749,Kha'Zix,7,Side.red,False
229,2308001749,Leona,1,Side.red,False
230,2307985350,Akali,5,Side.blue,True
231,2307985350,Ezreal,4,Side.blue,True
232,2307985350,Aatrox,7,Side.blue,True
233,2307985350,Brand,5,Side.blue,True
234,2307985350,Jarvan IV,2,Side.blue,True
235,2307985350,Nautilus,5,Side.red,True
236,2307985350,Riven,1,Side.red,True
237,2307985350,Vi,2,Side.red,True
238,2307985350,Ryze,2,Side.red,True
239,2307985350,Caitlyn,6,Side.red,True
240,2307973422,Nautilus,1,Side.blue,True
241,2307973422,Sivir,1,Side.blue,True
242,2307973422,Jax,1,Side.blue,True
243,2307973422,Lulu,4,Side.blue,True
244,2307973422,Nidalee,0,Side.blue,True
245,2307973422,Camille,1,Side.red,True
246,2307973422,Tristana,1,Side.red,True
247,2307973422,Caitlyn,2,Side.red,True
248,2307973422,Cho'Gath,1,Side.red,True
249,2307973422,Blitzcrank,2,Side.red,True
250,2307933579,Shaco,3,Side.blue,True
251,2307933579,Olaf,4,Side.blue,True
252,2307933579,Fiora,2,Side.blue,True
253,2307933579,Ryze,5,Side.blue,True
254,2307933579,Varus,5,Side.blue,True
255,2307933579,Brand,7,Side.red,True
256,2307933579,Fiddlesticks,0,Side.red,True
257,2307933579,Yasuo,5,Side.red,True
258,2307933579,Tristana,6,Side.red,True
259,2307933579,Jhin,6,Side.red,True
260,2307119384,Xin Zhao,1,Side.blue,True
261,2307119384,Ryze,2,Side.blue,True
262,2307119384,Varus,7,Side.blue,True
263,2307119384,Sona,1,Side.blue,True
264,2307119384,Renekton,6,Side.blue,True
265,2307119384,Rek'Sai,6,Side.red,True
266,2307119384,Ezreal,4,Side.red,True
267,2307119384,Fiora,7,Side.red,True
268,2307119384,Vel'Koz,1,Side.red,True
269,2307119384,Nami,3,Side.red,True
270,2306826858,Ashe,1,Side.blue,True
271,2306826858,Leona,0,Side.blue,True
272,2306826858,Kayn,0,Side.blue,True
273,2306826858,Kayle,0,Side.blue,True
274,2306826858,Cassiopeia,2,Side.blue,True
275,2306826858,Nocturne,2,Side.red,True
276,2306826858,Nami,1,Side.red,True
277,2306826858,Tristana,0,Side.red,True
278,2306826858,LeBlanc,0,Side.red,True
279,2306826858,Yorick,3,Side.red,True
280,2306687059,Nautilus,6,Side.blue,True
281,2306687059,Kha'Zix,4,Side.blue,True
282,2306687059,Anivia,0,Side.blue,True
283,2306687059,Ryze,1,Side.blue,True
284,2306687059,Varus,2,Side.blue,True
285,2306687059,Jax,5,Side.red,True
286,2306687059,Tahm Kench,4,Side.red,True
287,2306687059,Jinx,6,Side.red,True
288,2306687059,Vi,5,Side.red,True
289,2306687059,Heimerdinger,4,Side.red,True
290,2306529071,Amumu,3,Side.blue,True
291,2306529071,Elise,2,Side.blue,True
292,2306529071,Ryze,1,Side.blue,True
293,2306529071,Varus,2,Side.blue,True
294,2306529071,Rakan,1,Side.blue,True
295,2306529071,Master Yi,6,Side.red,True
296,2306529071,Malphite,5,Side.red,True
297,2306529071,Ezreal,3,Side.red,True
298,2306529071,Shaco,0,Side.red,True
299,2306529071,Kassadin,1,Side.red,True
300,2303785982,Cho'Gath,5,Side.blue,True
301,2303785982,Malzahar,3,Side.blue,True
302,2303785982,Nautilus,4,Side.blue,True
303,2303785982,Kai'Sa,5,Side.blue,True
304,2303785982,Ryze,0,Side.blue,True
305,2303785982,Rengar,1,Side.red,True
306,2303785982,Orianna,1,Side.red,True
307,2303785982,Jinx,2,Side.red,True
308,2303785982,Veigar,7,Side.red,True
309,2303785982,Lucian,7,Side.red,True
310,2303745080,Gragas,6,Side.blue,True
311,2303745080,Garen,2,Side.blue,True
312,2303745080,Kai'Sa,5,Side.blue,True
313,2303745080,Nautilus,2,Side.blue,True
314,2303745080,Anivia,0,Side.blue,True
315,2303745080,Lucian,3,Side.red,True
316,2303745080,Thresh,2,Side.red,True
317,2303745080,Hecarim,2,Side.red,True
318,2303745080,Ryze,0,Side.red,True
319,2303745080,Jinx,5,Side.red,True
320,2302628351,Mordekaiser,2,Side.blue,False
321,2302628351,Janna,0,Side.blue,False
322,2302628351,Kindred,3,Side.blue,False
323,2302628351,Ryze,2,Side.blue,False
324,2302628351,Kai'Sa,5,Side.blue,False
325,2302628351,Syndra,3,Side.red,False
326,2302628351,Master Yi,5,Side.red,False
327,2302628351,Renekton,3,Side.red,False
328,2302628351,Thresh,1,Side.red,False
329,2302628351,Sivir,4,Side.red,False
330,2302580896,Twitch,3,Side.blue,True
331,2302580896,Thresh,2,Side.blue,True
332,2302580896,Caitlyn,2,Side.blue,True
333,2302580896,Yasuo,2,Side.blue,True
334,2302580896,Kayle,2,Side.blue,True
335,2302580896,Fiora,3,Side.red,True
336,2302580896,Morgana,0,Side.red,True
337,2302580896,Ryze,2,Side.red,True
338,2302580896,Kai'Sa,5,Side.red,True
339,2302580896,Kayn,2,Side.red,True
340,2302532668,Jax,4,Side.blue,False
341,2302532668,Syndra,6,Side.blue,False
342,2302532668,Rakan,1,Side.blue,False
343,2302532668,Rek'Sai,3,Side.blue,False
344,2302532668,Kalista,4,Side.blue,False
345,2302532668,Pantheon,1,Side.red,False
346,2302532668,Urgot,7,Side.red,False
347,2302532668,Ryze,3,Side.red,False
348,2302532668,Jinx,1,Side.red,False
349,2302532668,Pyke,1,Side.red,False
350,2302138197,Shyvana,2,Side.blue,False
351,2302138197,Morgana,2,Side.blue,False
352,2302138197,Warwick,4,Side.blue,False
353,2302138197,Master Yi,7,Side.blue,False
354,2302138197,Maokai,5,Side.blue,False
355,2302138197,Vladimir,4,Side.red,False
356,2302138197,Nidalee,2,Side.red,False
357,2302138197,Morgana,2,Side.red,False
358,2302138197,Zoe,5,Side.red,False
359,2302138197,LeBlanc,1,Side.red,False
360,2302094196,Kalista,3,Side.blue,True
361,2302094196,Alistar,7,Side.blue,True
362,2302094196,Blitzcrank,1,Side.blue,True
363,2302094196,Nautilus,5,Side.blue,True
364,2302094196,Ezreal,7,Side.blue,True
365,2302094196,Lux,7,Side.red,True
366,2302094196,Ezreal,7,Side.red,True
367,2302094196,Varus,4,Side.red,True
368,2302094196,Shaco,5,Side.red,True
369,2302094196,Ivern,6,Side.red,True
370,2302078831,Malphite,0,Side.blue,True
371,2302078831,Master Yi,0,Side.blue,True
372,2302078831,Xin Zhao,0,Side.blue,True
373,2302078831,Miss Fortune,3,Side.blue,True
374,2302078831,Lux,2,Side.blue,True
375,2302078831,Jhin,1,Side.red,True
376,2302078831,Brand,2,Side.red,True
377,2302078831,Ahri,3,Side.red,True
378,2302078831,Xin Zhao,1,Side.red,True
379,2302078831,Master Yi,3,Side.red,True
380,2301874330,Cho'Gath,7,Side.blue,False
381,2301874330,Sona,2,Side.blue,False
382,2301874330,Orianna,5,Side.blue,False
383,2301874330,Taliyah,3,Side.blue,False
384,2301874330,Kai'Sa,6,Side.blue,False
385,2301874330,Miss Fortune,0,Side.red,False
386,2301874330,Akali,6,Side.red,False
387,2301874330,Nunu & Willump,0,Side.red,False
388,2301874330,Yasuo,3,Side.red,False
389,2301874330,Thresh,7,Side.red,False
390,2301824752,Lee Sin,0,Side.blue,True
391,2301824752,Jhin,7,Side.blue,True
392,2301824752,Thresh,4,Side.blue,True
393,2301824752,Vayne,1,Side.blue,True
394,2301824752,Azir,2,Side.blue,True
395,2301824752,Ashe,0,Side.red,True
396,2301824752,Ryze,3,Side.red,True
397,2301824752,Blitzcrank,1,Side.red,True
398,2301824752,Garen,4,Side.red,True
399,2301824752,Xin Zhao,1,Side.red,True
400,2301775707,Lulu,2,Side.blue,True
401,2301775707,Ryze,2,Side.blue,True
402,2301775707,Nocturne,5,Side.blue,True
403,2301775707,Kai'Sa,2,Side.blue,True
404,2301775707,Cho'Gath,3,Side.blue,True
405,2301775707,Darius,0,Side.red,True
406,2301775707,LeBlanc,1,Side.red,True
407,2301775707,Vayne,1,Side.red,True
408,2301775707,Kayn,6,Side.red,True
409,2301775707,Swain,1,Side.red,True
410,2300053218,Teemo,0,Side.blue,True
411,2300053218,Kayn,7,Side.blue,True
412,2300053218,Blitzcrank,0,Side.blue,True
413,2300053218,Ryze,1,Side.blue,True
414,2300053218,Lucian,2,Side.blue,True
415,2300053218,Lux,7,Side.red,True
416,2300053218,Garen,2,Side.red,True
417,2300053218,Evelynn,7,Side.red,True
418,2300053218,Thresh,5,Side.red,True
419,2300053218,Kai'Sa,4,Side.red,True
420,2298628130,Kassadin,4,Side.blue,True
421,2298628130,Kayle,3,Side.blue,True
422,2298628130,Kha'Zix,1,Side.blue,True
423,2298628130,Pyke,5,Side.blue,True
424,2298628130,Ezreal,0,Side.blue,True
425,2298628130,Dr. Mundo,6,Side.red,True
426,2298628130,Ekko,3,Side.red,True
427,2298628130,Ryze,0,Side.red,True
428,2298628130,Lucian,2,Side.red,True
429,2298628130,Fiddlesticks,2,Side.red,True
430,2297854894,Jax,0,Side.blue,False
431,2297854894,Ashe,2,Side.blue,False
432,2297854894,Orianna,5,Side.blue,False
433,2297854894,Nautilus,4,Side.blue,False
434,2297854894,Poppy,0,Side.blue,False
435,2297854894,Vladimir,0,Side.red,False
436,2297854894,Gragas,5,Side.red,False
437,2297854894,Alistar,2,Side.red,False
438,2297854894,Draven,7,Side.red,False
439,2297854894,Irelia,2,Side.red,False
440,2297870737,Galio,7,Side.blue,False
441,2297870737,Malphite,1,Side.blue,False
442,2297870737,Ryze,4,Side.blue,False
443,2297870737,Jinx,6,Side.blue,False
444,2297870737,Yasuo,2,Side.blue,False
445,2297870737,Lee Sin,4,Side.red,False
446,2297870737,Teemo,4,Side.red,False
447,2297870737,Rakan,7,Side.red,False
448,2297870737,Orianna,5,Side.red,False
449,2297870737,Xayah,1,Side.red,False
450,2297801138,Veigar,1,Side.blue,True
451,2297801138,Lee Sin,4,Side.blue,True
452,2297801138,Nautilus,1,Side.blue,True
453,2297801138,Ashe,1,Side.blue,True
454,2297801138,Vladimir,5,Side.blue,True
455,2297801138,Elise,5,Side.red,True
456,2297801138,Ryze,3,Side.red,True
457,2297801138,Kalista,0,Side.red,True
458,2297801138,Jayce,2,Side.red,True
459,2297801138,Thresh,3,Side.red,True
460,2297791614,Alistar,0,Side.blue,False
461,2297791614,Ryze,3,Side.blue,False
462,2297791614,Varus,3,Side.blue,False
463,2297791614,Darius,5,Side.blue,False
464,2297791614,Rammus,0,Side.blue,False
465,2297791614,Annie,0,Side.red,False
466,2297791614,Nunu & Willump,4,Side.red,False
467,2297791614,Thresh,4,Side.red,False
468,2297791614,Ezreal,2,Side.red,False
469,2297791614,Nasus,3,Side.red,False
470,2297744612,Aatrox,7,Side.blue,True
471,2297744612,Lee Sin,2,Side.blue,True
472,2297744612,Qiyana,3,Side.blue,True
473,2297744612,Lulu,5,Side.blue,True
474,2297744612,Kai'Sa,5,Side.blue,True
475,2297744612,Thresh,5,Side.red,True
476,2297744612,Ryze,3,Side.red,True
477,2297744612,Lucian,7,Side.red,True
478,2297744612,Trundle,6,Side.red,True
479,2297744612,Sion,4,Side.red,True
480,2297686240,Thresh,2,Side.blue,False
481,2297686240,Ryze,7,Side.blue,False
482,2297686240,Kai'Sa,4,Side.blue,False
483,2297686240,Kha'Zix,6,Side.blue,False
484,2297686240,Jax,7,Side.blue,False
485,2297686240,Pyke,6,Side.red,False
486,2297686240,Tristana,7,Side.red,False
487,2297686240,Lee Sin,7,Side.red,False
488,2297686240,Zilean,2,Side.red,False
489,2297686240,Tryndamere,7,Side.red,False
490,2297496459,Yasuo,4,Side.blue,True
491,2297496459,Diana,3,Side.blue,True
492,2297496459,Tristana,2,Side.blue,True
493,2297496459,Thresh,0,Side.blue,True
494,2297496459,Malphite,3,Side.blue,True
495,2297496459,LeBlanc,0,Side.red,True
496,2297496459,Riven,1,Side.red,True
497,2297496459,Master Yi,2,Side.red,True
498,2297496459,Morgana,3,Side.red,True
499,2297496459,Teemo,2,Side.red,True
500,2297470405,Nasus,1,Side.blue,False
501,2297470405,Kai'Sa,6,Side.blue,False
502,2297470405,Blitzcrank,1,Side.blue,False
503,2297470405,Irelia,3,Side.blue,False
504,2297470405,Zed,0,Side.blue,False
505,2297470405,Kha'Zix,4,Side.red,False
506,2297470405,Akali,2,Side.red,False
507,2297470405,Ezreal,2,Side.red,False
508,2297470405,Cho'Gath,6,Side.red,False
509,2297470405,Nautilus,4,Side.red,False
510,2297252366,Ryze,2,Side.blue,False
511,2297252366,Jinx,2,Side.blue,False
512,2297252366,Lux,3,Side.blue,False
513,2297252366,Sejuani,4,Side.blue,False
514,2297252366,Yasuo,2,Side.blue,False
515,2297252366,Annie,5,Side.red,False
516,2297252366,Jax,0,Side.red,False
517,2297252366,Pyke,5,Side.red,False
518,2297252366,Urgot,0,Side.red,False
519,2297252366,Jhin,6,Side.red,False
520,2297258546,Talon,7,Side.blue,True
521,2297258546,Lee Sin,2,Side.blue,True
522,2297258546,Olaf,4,Side.blue,True
523,2297258546,Sivir,2,Side.blue,True
524,2297258546,Zyra,4,Side.blue,True
525,2297258546,Ryze,2,Side.red,True
526,2297258546,Jinx,5,Side.red,True
527,2297258546,Kassadin,1,Side.red,True
528,2297258546,Leona,1,Side.red,True
529,2297258546,Kled,3,Side.red,True
530,2297224672,Kayle,0,Side.blue,False
531,2297224672,Vayne,0,Side.blue,False
532,2297224672,Yasuo,3,Side.blue,False
533,2297224672,Leona,1,Side.blue,False
534,2297224672,Jax,3,Side.blue,False
535,2297224672,Sivir,1,Side.red,False
536,2297224672,Rakan,3,Side.red,False
537,2297224672,Garen,3,Side.red,False
538,2297224672,Gragas,6,Side.red,False
539,2297224672,Irelia,1,Side.red,False
540,2297220221,Ezreal,0,Side.blue,True
541,2297220221,Jarvan IV,1,Side.blue,True
542,2297220221,Pyke,0,Side.blue,True
543,2297220221,Lux,0,Side.blue,True
544,2297220221,Mordekaiser,5,Side.blue,True
545,2297220221,Ryze,3,Side.red,True
546,2297220221,Caitlyn,0,Side.red,True
547,2297220221,Pantheon,3,Side.red,True
548,2297220221,Brand,3,Side.red,True
549,2297220221,Elise,2,Side.red,True
550,2297183802,Rakan,4,Side.blue,False
551,2297183802,Xayah,5,Side.blue,False
552,2297183802,Nasus,4,Side.blue,False
553,2297183802,Talon,1,Side.blue,False
554,2297183802,Vi,2,Side.blue,False
555,2297183802,Ryze,2,Side.red,False
556,2297183802,Kai'Sa,4,Side.red,False
557,2297183802,Dr. Mundo,1,Side.red,False
558,2297183802,Blitzcrank,3,Side.red,False
559,2297183802,Shen,1,Side.red,False
560,2297198305,Ashe,1,Side.blue,False
561,2297198305,Leona,0,Side.blue,False
562,2297198305,Master Yi,3,Side.blue,False
563,2297198305,Cho'Gath,1,Side.blue,False
564,2297198305,Vladimir,7,Side.blue,False
565,2297198305,Ekko,2,Side.red,False
566,2297198305,Yasuo,1,Side.red,False
567,2297198305,Jhin,0,Side.red,False
568,2297198305,Garen,0,Side.red,False
569,2297198305,Janna,1,Side.red,False
570,2296247767,Vel'Koz,1,Side.blue,False
571,2296247767,Karthus,2,Side.blue,False
572,2296247767,Gnar,1,Side.blue,False
573,2296247767,Jhin,4,Side.blue,False
574,2296247767,Lux,5,Side.blue,False
575,2296247767,Ryze,7,Side.red,False
576,2296247767,Jinx,5,Side.red,False
577,2296247767,Leona,3,Side.red,False
578,2296247767,Ornn,1,Side.red,False
579,2296247767,Ivern,4,Side.red,False
580,2296184933,Cho'Gath,0,Side.blue,False
581,2296184933,Nunu & Willump,7,Side.blue,False
582,2296184933,Ryze,4,Side.blue,False
583,2296184933,Varus,6,Side.blue,False
584,2296184933,Leona,2,Side.blue,False
585,2296184933,Kayn,5,Side.red,False
586,2296184933,Zed,6,Side.red,False
587,2296184933,Yuumi,1,Side.red,False
588,2296184933,Kennen,0,Side.red,False
589,2296184933,Jinx,4,Side.red,False
590,2296188550,Lee Sin,7,Side.blue,True
591,2296188550,Lulu,3,Side.blue,True
592,2296188550,Ryze,3,Side.blue,True
593,2296188550,Lucian,7,Side.blue,True
594,2296188550,Kayle,5,Side.blue,True
595,2296188550,Zed,6,Side.red,True
596,2296188550,Xin Zhao,3,Side.red,True
597,2296188550,Janna,6,Side.red,True
598,2296188550,Ezreal,2,Side.red,True
599,2296188550,Nasus,0,Side.red,True
600,2296151147,Karma,5,Side.blue,True
601,2296151147,Ezreal,1,Side.blue,True
602,2296151147,Jarvan IV,5,Side.blue,True
603,2296151147,Syndra,1,Side.blue,True
604,2296151147,Nasus,4,Side.blue,True
605,2296151147,Lee Sin,0,Side.red,True
606,2296151147,Ryze,3,Side.red,True
607,2296151147,Vayne,3,Side.red,True
608,2296151147,Yorick,1,Side.red,True
609,2296151147,Nami,3,Side.red,True
610,2295679862,Kai'Sa,7,Side.blue,True
611,2295679862,Xin Zhao,1,Side.blue,True
612,2295679862,Thresh,6,Side.blue,True
613,2295679862,LeBlanc,2,Side.blue,True
614,2295679862,Gnar,3,Side.blue,True
615,2295679862,Ryze,5,Side.red,True
616,2295679862,Caitlyn,5,Side.red,True
617,2295679862,Zac,2,Side.red,True
618,2295679862,Tristana,5,Side.red,True
619,2295679862,Pyke,1,Side.red,True
620,2295658760,Kha'Zix,2,Side.blue,False
621,2295658760,Kai'Sa,3,Side.blue,False
622,2295658760,Vladimir,2,Side.blue,False
623,2295658760,Shen,5,Side.blue,False
624,2295658760,Janna,4,Side.blue,False
625,2295658760,Brand,1,Side.red,False
626,2295658760,Darius,2,Side.red,False
627,2295658760,Nocturne,2,Side.red,False
628,2295658760,Ryze,3,Side.red,False
629,2295658760,Ezreal,5,Side.red,False
630,2295575336,Brand,2,Side.blue,True
631,2295575336,Kai'Sa,1,Side.blue,True
632,2295575336,Tryndamere,3,Side.blue,True
633,2295575336,Malzahar,1,Side.blue,True
634,2295575336,Master Yi,0,Side.blue,True
635,2295575336,Mordekaiser,4,Side.red,True
636,2295575336,Jax,4,Side.red,True
637,2295575336,Volibear,5,Side.red,True
638,2295575336,Ryze,1,Side.red,True
639,2295575336,Ezreal,6,Side.red,True
640,2295118896,Irelia,7,Side.blue,False
641,2295118896,Caitlyn,5,Side.blue,False
642,2295118896,Ekko,1,Side.blue,False
643,2295118896,Rumble,6,Side.blue,False
644,2295118896,Sona,1,Side.blue,False
645,2295118896,Ryze,7,Side.red,False
646,2295118896,Ezreal,4,Side.red,False
647,2295118896,Gangplank,5,Side.red,False
648,2295118896,Evelynn,4,Side.red,False
649,2295118896,Zilean,1,Side.red,False
650,2295114204,Talon,5,Side.blue,False
651,2295114204,Vayne,0,Side.blue,False
652,2295114204,Vladimir,0,Side.blue,False
653,2295114204,Twitch,4,Side.blue,False
654,2295114204,Lulu,5,Side.blue,False
655,2295114204,Karma,1,Side.red,False
656,2295114204,Ryze,2,Side.red,False
657,2295114204,Ezreal,1,Side.red,False
658,2295114204,Nocturne,0,Side.red,False
659,2295114204,Renekton,0,Side.red,False
660,2295081519,Sona,5,Side.blue,True
661,2295081519,Irelia,1,Side.blue,True
662,2295081519,Jhin,3,Side.blue,True
663,2295081519,Lux,3,Side.blue,True
664,2295081519,Master Yi,2,Side.blue,True
665,2295081519,Lee Sin,1,Side.red,True
666,2295081519,Riven,0,Side.red,True
667,2295081519,Ryze,0,Side.red,True
668,2295081519,Ezreal,5,Side.red,True
669,2295081519,Soraka,2,Side.red,True
670,2295066642,Ryze,2,Side.blue,False
671,2295066642,Lucian,5,Side.blue,False
672,2295066642,Renekton,1,Side.blue,False
673,2295066642,Master Yi,2,Side.blue,False
674,2295066642,Swain,1,Side.blue,False
675,2295066642,Caitlyn,0,Side.red,False
676,2295066642,Kayn,1,Side.red,False
677,2295066642,Kennen,0,Side.red,False
678,2295066642,Nami,4,Side.red,False
679,2295066642,Katarina,6,Side.red,False
680,2295069754,Gnar,2,Side.blue,True
681,2295069754,Rengar,4,Side.blue,True
682,2295069754,Talon,3,Side.blue,True
683,2295069754,Ashe,7,Side.blue,True
684,2295069754,Zyra,1,Side.blue,True
685,2295069754,Nautilus,1,Side.red,True
686,2295069754,Kayn,5,Side.red,True
687,2295069754,Ryze,1,Side.red,True
688,2295069754,Vayne,2,Side.red,True
689,2295069754,Nasus,5,Side.red,True
690,2294909037,Akali,3,Side.blue,True
691,2294909037,Teemo,4,Side.blue,True
692,2294909037,Braum,1,Side.blue,True
693,2294909037,Kai'Sa,0,Side.blue,True
694,2294909037,Pantheon,5,Side.blue,True
695,2294909037,Fizz,3,Side.red,True
696,2294909037,Shaco,1,Side.red,True
697,2294909037,Cho'Gath,3,Side.red,True
698,2294909037,Morgana,2,Side.red,True
699,2294909037,Xayah,0,Side.red,True
700,2291634890,Ryze,4,Side.blue,False
701,2291634890,Xayah,6,Side.blue,False
702,2291634890,Zyra,1,Side.blue,False
703,2291634890,Vi,5,Side.blue,False
704,2291634890,Shaco,0,Side.blue,False
705,2291634890,Pyke,5,Side.red,False
706,2291634890,Illaoi,4,Side.red,False
707,2291634890,Warwick,3,Side.red,False
708,2291634890,Jhin,5,Side.red,False
709,2291634890,LeBlanc,1,Side.red,False
710,2291554298,Lulu,7,Side.blue,False
711,2291554298,Ryze,3,Side.blue,False
712,2291554298,Vayne,7,Side.blue,False
713,2291554298,Kayn,0,Side.blue,False
714,2291554298,Darius,5,Side.blue,False
715,2291554298,Akali,5,Side.red,False
716,2291554298,Caitlyn,4,Side.red,False
717,2291554298,Master Yi,4,Side.red,False
718,2291554298,Poppy,0,Side.red,False
719,2291554298,Janna,2,Side.red,False
720,2291525511,Nami,4,Side.blue,False
721,2291525511,Garen,5,Side.blue,False
722,2291525511,Varus,5,Side.blue,False
723,2291525511,Kassadin,7,Side.blue,False
724,2291525511,Evelynn,6,Side.blue,False
725,2291525511,Ryze,5,Side.red,False
726,2291525511,Lux,7,Side.red,False
727,2291525511,Hecarim,2,Side.red,False
728,2291525511,Malphite,4,Side.red,False
729,2291525511,Tristana,1,Side.red,False
730,2291490046,Rakan,7,Side.blue,False
731,2291490046,Ryze,2,Side.blue,False
732,2291490046,Xayah,4,Side.blue,False
733,2291490046,Udyr,3,Side.blue,False
734,2291490046,Kayle,3,Side.blue,False
735,2291490046,Viktor,7,Side.red,False
736,2291490046,Jarvan IV,1,Side.red,False
737,2291490046,Olaf,7,Side.red,False
738,2291490046,Yuumi,5,Side.red,False
739,2291490046,Darius,2,Side.red,False
740,2290453016,Jax,2,Side.blue,True
741,2290453016,Veigar,5,Side.blue,True
742,2290453016,Darius,3,Side.blue,True
743,2290453016,Leona,5,Side.blue,True
744,2290453016,Xayah,2,Side.blue,True
745,2290453016,Jayce,2,Side.red,True
746,2290453016,Kha'Zix,2,Side.red,True
747,2290453016,Ryze,1,Side.red,True
748,2290453016,Lucian,2,Side.red,True
749,2290453016,Yuumi,1,Side.red,True
750,2290352708,Twitch,7,Side.blue,False
751,2290352708,Teemo,1,Side.blue,False
752,2290352708,Blitzcrank,7,Side.blue,False
753,2290352708,Yasuo,7,Side.blue,False
754,2290352708,Kayn,0,Side.blue,False
755,2290352708,Malphite,2,Side.red,False
756,2290352708,Ryze,0,Side.red,False
757,2290352708,Azir,6,Side.red,False
758,2290352708,Shaco,4,Side.red,False
759,2290352708,Braum,5,Side.red,False
760,2288370580,Cassiopeia,2,Side.blue,False
761,2288370580,Rakan,6,Side.blue,False
762,2288370580,Shaco,3,Side.blue,False
763,2288370580,Ryze,2,Side.blue,False
764,2288370580,Ezreal,1,Side.blue,False
765,2288370580,Kai'Sa,0,Side.red,False
766,2288370580,Nautilus,2,Side.red,False
767,2288370580,Yasuo,5,Side.red,False
768,2288370580,Shyvana,1,Side.red,False
769,2288370580,Mordekaiser,1,Side.red,False
770,2288350724,Ryze,2,Side.blue,True
771,2288350724,Lee Sin,7,Side.blue,True
772,2288350724,Braum,6,Side.blue,True
773,2288350724,Ashe,6,Side.blue,True
774,2288350724,Jax,1,Side.blue,True
775,2288350724,Kassadin,4,Side.red,True
776,2288350724,Teemo,5,Side.red,True
777,2288350724,Dr. Mundo,0,Side.red,True
778,2288350724,Vayne,5,Side.red,True
779,2288350724,Janna,4,Side.red,True
780,2286622422,Qiyana,0,Side.blue,True
781,2286622422,Nautilus,1,Side.blue,True
782,2286622422,Jinx,3,Side.blue,True
783,2286622422,Riven,3,Side.blue,True
784,2286622422,Katarina,3,Side.blue,True
785,2286622422,Garen,5,Side.red,True
786,2286622422,Ryze,3,Side.red,True
787,2286622422,Gangplank,0,Side.red,True
788,2286622422,Lulu,2,Side.red,True
789,2286622422,Jhin,2,Side.red,True
790,2286556807,Nunu & Willump,3,Side.blue,False
791,2286556807,Ryze,2,Side.blue,False
792,2286556807,Graves,0,Side.blue,False
793,2286556807,Morgana,3,Side.blue,False
794,2286556807,Jhin,0,Side.blue,False
795,2286556807,Renekton,4,Side.red,False
796,2286556807,Caitlyn,1,Side.red,False
797,2286556807,Lux,1,Side.red,False
798,2286556807,Rengar,0,Side.red,False
799,2286556807,Yasuo,1,Side.red,False
800,2286541452,Ryze,0,Side.blue,True
801,2286541452,Hecarim,0,Side.blue,True
802,2286541452,Jax,0,Side.blue,True
803,2286541452,Xayah,3,Side.blue,True
804,2286541452,Rakan,0,Side.blue,True
805,2286541452,Jhin,3,Side.red,True
806,2286541452,Ekko,1,Side.red,True
807,2286541452,Katarina,1,Side.red,True
808,2286541452,Sona,0,Side.red,True
809,2286541452,Renekton,0,Side.red,True
810,2285235193,Lucian,7,Side.blue,False
811,2285235193,Ryze,2,Side.blue,False
812,2285235193,Lulu,1,Side.blue,False
813,2285235193,Riven,1,Side.blue,False
814,2285235193,Olaf,2,Side.blue,False
815,2285235193,Thresh,2,Side.red,False
816,2285235193,Renekton,2,Side.red,False
817,2285235193,Veigar,2,Side.red,False
818,2285235193,Jinx,6,Side.red,False
819,2285235193,Ekko,3,Side.red,False
820,2285228882,Jarvan IV,0,Side.blue,False
821,2285228882,Syndra,3,Side.blue,False
822,2285228882,Nasus,5,Side.blue,False
823,2285228882,Leona,2,Side.blue,False
824,2285228882,Ezreal,2,Side.blue,False
825,2285228882,Vayne,7,Side.red,False
826,2285228882,Ryze,0,Side.red,False
827,2285228882,Blitzcrank,7,Side.red,False
828,2285228882,Irelia,5,Side.red,False
829,2285228882,Twitch,5,Side.red,False
830,2285183774,Teemo,3,Side.blue,True
831,2285183774,Wukong,5,Side.blue,True
832,2285183774,Xayah,0,Side.blue,True
833,2285183774,Blitzcrank,2,Side.blue,True
834,2285183774,Irelia,0,Side.blue,True
835,2285183774,Jax,3,Side.red,True
836,2285183774,Ryze,0,Side.red,True
837,2285183774,Thresh,3,Side.red,True
838,2285183774,Kayle,6,Side.red,True
839,2285183774,Yasuo,1,Side.red,True
840,2285151624,Riven,1,Side.blue,True
841,2285151624,Ashe,0,Side.blue,True
842,2285151624,Jarvan IV,7,Side.blue,True
843,2285151624,Ryze,4,Side.blue,True
844,2285151624,Janna,4,Side.blue,True
845,2285151624,Yorick,0,Side.red,True
846,2285151624,Jhin,4,Side.red,True
847,2285151624,Morgana,4,Side.red,True
848,2285151624,Kassadin,1,Side.red,True
849,2285151624,Malphite,1,Side.red,True
850,2285041104,Lee Sin,3,Side.blue,False
851,2285041104,Gnar,2,Side.blue,False
852,2285041104,Miss Fortune,3,Side.blue,False
853,2285041104,Ryze,1,Side.blue,False
854,2285041104,Janna,2,Side.blue,False
855,2285041104,Malphite,6,Side.red,False
856,2285041104,Ezreal,3,Side.red,False
857,2285041104,Yuumi,4,Side.red,False
858,2285041104,Gangplank,0,Side.red,False
859,2285041104,Xerath,6,Side.red,False
860,2285005374,Miss Fortune,4,Side.blue,True
861,2285005374,Pantheon,7,Side.blue,True
862,2285005374,Ryze,2,Side.blue,True
863,2285005374,Janna,7,Side.blue,True
864,2285005374,Rengar,4,Side.blue,True
865,2285005374,Kai'Sa,7,Side.red,True
866,2285005374,Bard,3,Side.red,True
867,2285005374,Udyr,5,Side.red,True
868,2285005374,Irelia,2,Side.red,True
869,2285005374,Poppy,0,Side.red,True
870,2284970022,Wukong,1,Side.blue,False
871,2284970022,Katarina,1,Side.blue,False
872,2284970022,Dr. Mundo,2,Side.blue,False
873,2284970022,Lucian,0,Side.blue,False
874,2284970022,Thresh,6,Side.blue,False
875,2284970022,Karma,1,Side.red,False
876,2284970022,Kai'Sa,7,Side.red,False
877,2284970022,Fiora,4,Side.red,False
878,2284970022,Kayn,2,Side.red,False
879,2284970022,Vladimir,4,Side.red,False
880,2284952270,Kha'Zix,2,Side.blue,True
881,2284952270,Talon,1,Side.blue,True
882,2284952270,Morgana,3,Side.blue,True
883,2284952270,Ryze,5,Side.blue,True
884,2284952270,Jhin,1,Side.blue,True
885,2284952270,Quinn,4,Side.red,True
886,2284952270,Shaco,0,Side.red,True
887,2284952270,Xayah,5,Side.red,True
888,2284952270,Zyra,0,Side.red,True
889,2284952270,Akali,4,Side.red,True
890,2284669943,Jhin,4,Side.blue,True
891,2284669943,Brand,7,Side.blue,True
892,2284669943,Veigar,1,Side.blue,True
893,2284669943,Nasus,4,Side.blue,True
894,2284669943,Nidalee,5,Side.blue,True
895,2284669943,Yasuo,6,Side.red,True
896,2284669943,Lux,7,Side.red,True
897,2284669943,Lee Sin,7,Side.red,True
898,2284669943,Ryze,2,Side.red,True
899,2284669943,Vladimir,7,Side.red,True
900,2284494181,Xayah,6,Side.blue,False
901,2284494181,Teemo,0,Side.blue,False
902,2284494181,Talon,2,Side.blue,False
903,2284494181,Yasuo,5,Side.blue,False
904,2284494181,Vi,1,Side.blue,False
905,2284494181,Bard,3,Side.red,False
906,2284494181,Lucian,7,Side.red,False
907,2284494181,Ryze,5,Side.red,False
908,2284494181,Vladimir,5,Side.red,False
909,2284494181,Jax,3,Side.red,False
910,2284436082,Master Yi,0,Side.blue,False
911,2284436082,Yasuo,0,Side.blue,False
912,2284436082,Draven,0,Side.blue,False
913,2284436082,Nautilus,0,Side.blue,False
914,2284436082,Viktor,0,Side.blue,False
915,2284436082,Zyra,3,Side.red,False
916,2284436082,Akali,2,Side.red,False
917,2284436082,Ryze,0,Side.red,False
918,2284436082,Jhin,0,Side.red,False
919,2284436082,Sejuani,0,Side.red,False
920,2284420788,Yasuo,3,Side.blue,False
921,2284420788,Draven,6,Side.blue,False
922,2284420788,Xin Zhao,4,Side.blue,False
923,2284420788,Karma,0,Side.blue,False
924,2284420788,Vladimir,4,Side.blue,False
925,2284420788,Kayn,3,Side.red,False
926,2284420788,Thresh,3,Side.red,False
927,2284420788,Renekton,3,Side.red,False
928,2284420788,Ryze,1,Side.red,False
929,2284420788,Caitlyn,2,Side.red,False
930,2279891427,Ashe,2,Side.blue,True
931,2279891427,Ryze,1,Side.blue,True
932,2279891427,Yuumi,2,Side.blue,True
933,2279891427,Nasus,1,Side.blue,True
934,2279891427,Kindred,7,Side.blue,True
935,2279891427,Diana,1,Side.red,True
936,2279891427,Fiddlesticks,5,Side.red,True
937,2279891427,Tristana,6,Side.red,True
938,2279891427,Sion,2,Side.red,True
939,2279891427,Gragas,3,Side.red,True
940,2279880169,Darius,3,Side.blue,True
941,2279880169,Ezreal,1,Side.blue,True
942,2279880169,Ryze,3,Side.blue,True
943,2279880169,Amumu,6,Side.blue,True
944,2279880169,Lulu,2,Side.blue,True
945,2279880169,Tristana,2,Side.red,True
946,2279880169,Morgana,0,Side.red,True
947,2279880169,Ekko,6,Side.red,True
948,2279880169,Lee Sin,3,Side.red,True
949,2279880169,Yorick,4,Side.red,True
950,2279877671,Caitlyn,2,Side.blue,False
951,2279877671,Morgana,2,Side.blue,False
952,2279877671,Cho'Gath,0,Side.blue,False
953,2279877671,Camille,3,Side.blue,False
954,2279877671,Warwick,0,Side.blue,False
955,2279877671,Irelia,2,Side.red,False
956,2279877671,Ryze,2,Side.red,False
957,2279877671,Twitch,4,Side.red,False
958,2279877671,Rakan,1,Side.red,False
959,2279877671,Quinn,3,Side.red,False
960,2279870094,Lucian,6,Side.blue,True
961,2279870094,Nasus,2,Side.blue,True
962,2279870094,Ryze,2,Side.blue,True
963,2279870094,Gragas,3,Side.blue,True
964,2279870094,Leona,3,Side.blue,True
965,2279870094,Gangplank,2,Side.red,True
966,2279870094,Taliyah,3,Side.red,True
967,2279870094,Lulu,5,Side.red,True
968,2279870094,Kai'Sa,4,Side.red,True
969,2279870094,Lux,1,Side.red,True
970,2279793047,Irelia,5,Side.blue,False
971,2279793047,Zac,4,Side.blue,False
972,2279793047,Jhin,3,Side.blue,False
973,2279793047,Pantheon,1,Side.blue,False
974,2279793047,Janna,2,Side.blue,False
975,2279793047,Ashe,4,Side.red,False
976,2279793047,Malphite,3,Side.red,False
977,2279793047,Ryze,3,Side.red,False
978,2279793047,Trundle,7,Side.red,False
979,2279793047,Gnar,1,Side.red,False
980,2278633671,Lucian,2,Side.blue,False
981,2278633671,Ryze,0,Side.blue,False
982,2278633671,Fiora,0,Side.blue,False
983,2278633671,Camille,0,Side.blue,False
984,2278633671,Leona,1,Side.blue,False
985,2278633671,Tahm Kench,2,Side.red,False
986,2278633671,Kassadin,1,Side.red,False
987,2278633671,Ivern,2,Side.red,False
988,2278633671,Jax,0,Side.red,False
989,2278633671,Ezreal,5,Side.red,False
990,2278628567,Alistar,2,Side.blue,False
991,2278628567,Yasuo,2,Side.blue,False
992,2278628567,Urgot,4,Side.blue,False
993,2278628567,Lux,1,Side.blue,False
994,2278628567,Lee Sin,4,Side.blue,False
995,2278628567,Karma,0,Side.red,False
996,2278628567,Olaf,4,Side.red,False
997,2278628567,Ryze,2,Side.red,False
998,2278628567,Varus,3,Side.red,False
999,2278628567,Jarvan IV,2,Side.red,False
1000,2277896994,Kindred,0,Side.blue,True
1001,2277896994,Thresh,0,Side.blue,True
1002,2277896994,Akali,0,Side.blue,True
1003,2277896994,Ryze,0,Side.blue,True
1004,2277896994,Lucian,0,Side.blue,True
1005,2277896994,Viktor,0,Side.red,True
1006,2277896994,Lulu,0,Side.red,True
1007,2277896994,Veigar,0,Side.red,True
1008,2277896994,Pantheon,3,Side.red,True
1009,2277896994,Miss Fortune,2,Side.red,True
1010,2276897232,Yasuo,2,Side.blue,False
1011,2276897232,Teemo,5,Side.blue,False
1012,2276897232,Jarvan IV,2,Side.blue,False
1013,2276897232,Thresh,5,Side.blue,False
1014,2276897232,Kai'Sa,2,Side.blue,False
1015,2276897232,Ornn,3,Side.red,False
1016,2276897232,Nocturne,0,Side.red,False
1017,2276897232,Ezreal,1,Side.red,False
1018,2276897232,Qiyana,1,Side.red,False
1019,2276897232,Bard,2,Side.red,False
1020,2276868221,Blitzcrank,4,Side.blue,True
1021,2276868221,Jinx,6,Side.blue,True
1022,2276868221,Wukong,1,Side.blue,True
1023,2276868221,Vladimir,3,Side.blue,True
1024,2276868221,Akali,1,Side.blue,True
1025,2276868221,Zed,3,Side.red,True
1026,2276868221,Teemo,7,Side.red,True
1027,2276868221,Jarvan IV,5,Side.red,True
1028,2276868221,Lulu,2,Side.red,True
1029,2276868221,Kai'Sa,2,Side.red,True
1030,2276850970,Master Yi,1,Side.blue,True
1031,2276850970,Jhin,5,Side.blue,True
1032,2276850970,Dr. Mundo,6,Side.blue,True
1033,2276850970,Vladimir,5,Side.blue,True
1034,2276850970,Lissandra,1,Side.blue,True
1035,2276850970,Irelia,7,Side.red,True
1036,2276850970,Ryze,2,Side.red,True
1037,2276850970,Elise,7,Side.red,True
1038,2276850970,Blitzcrank,6,Side.red,True
1039,2276850970,Kai'Sa,5,Side.red,True
1040,2276821247,Illaoi,5,Side.blue,False
1041,2276821247,Lucian,5,Side.blue,False
1042,2276821247,Vladimir,2,Side.blue,False
1043,2276821247,Lee Sin,3,Side.blue,False
1044,2276821247,Zyra,0,Side.blue,False
1045,2276821247,Yasuo,7,Side.red,False
1046,2276821247,Ryze,2,Side.red,False
1047,2276821247,Ivern,7,Side.red,False
1048,2276821247,Vayne,7,Side.red,False
1049,2276821247,Soraka,3,Side.red,False
1050,2276756419,Ryze,4,Side.blue,True
1051,2276756419,Vayne,2,Side.blue,True
1052,2276756419,Yuumi,1,Side.blue,True
1053,2276756419,Kha'Zix,5,Side.blue,True
1054,2276756419,Yasuo,2,Side.blue,True
1055,2276756419,Xayah,0,Side.red,True
1056,2276756419,Galio,4,Side.red,True
1057,2276756419,Nautilus,2,Side.red,True
1058,2276756419,Nasus,4,Side.red,True
1059,2276756419,Rengar,2,Side.red,True
1060,2276413926,Riven,3,Side.blue,True
1061,2276413926,Ryze,4,Side.blue,True
1062,2276413926,Evelynn,6,Side.blue,True
1063,2276413926,Kai'Sa,4,Side.blue,True
1064,2276413926,Leona,3,Side.blue,True
1065,2276413926,Katarina,1,Side.red,True
1066,2276413926,Vayne,7,Side.red,True
1067,2276413926,Blitzcrank,2,Side.red,True
1068,2276413926,Lee Sin,4,Side.red,True
1069,2276413926,Draven,5,Side.red,True
1070,2276447982,Zed,3,Side.blue,True
1071,2276447982,Lulu,3,Side.blue,True
1072,2276447982,Twitch,2,Side.blue,True
1073,2276447982,Kha'Zix,1,Side.blue,True
1074,2276447982,Fiora,2,Side.blue,True
1075,2276447982,Pyke,0,Side.red,True
1076,2276447982,Garen,0,Side.red,True
1077,2276447982,Ryze,0,Side.red,True
1078,2276447982,Nidalee,5,Side.red,True
1079,2276447982,Kai'Sa,1,Side.red,True
1080,2276198701,Irelia,1,Side.blue,False
1081,2276198701,Ryze,1,Side.blue,False
1082,2276198701,Twitch,2,Side.blue,False
1083,2276198701,Jax,1,Side.blue,False
1084,2276198701,Nami,2,Side.blue,False
1085,2276198701,Lux,0,Side.red,False
1086,2276198701,Sivir,2,Side.red,False
1087,2276198701,Mordekaiser,2,Side.red,False
1088,2276198701,Kha'Zix,3,Side.red,False
1089,2276198701,Garen,1,Side.red,False
1090,2276164074,Kai'Sa,1,Side.blue,True
1091,2276164074,Jax,0,Side.blue,True
1092,2276164074,Yasuo,0,Side.blue,True
1093,2276164074,Sona,5,Side.blue,True
1094,2276164074,Ryze,0,Side.blue,True
1095,2276164074,Kog'Maw,0,Side.red,True
1096,2276164074,Kha'Zix,2,Side.red,True
1097,2276164074,Thresh,0,Side.red,True
1098,2276164074,Cho'Gath,0,Side.red,True
1099,2276164074,Zed,4,Side.red,True
1100,2276155269,Ryze,1,Side.blue,True
1101,2276155269,Karma,3,Side.blue,True
1102,2276155269,Jax,1,Side.blue,True
1103,2276155269,Jinx,1,Side.blue,True
1104,2276155269,Evelynn,0,Side.blue,True
1105,2276155269,Master Yi,4,Side.red,True
1106,2276155269,Thresh,6,Side.red,True
1107,2276155269,Syndra,1,Side.red,True
1108,2276155269,Lucian,0,Side.red,True
1109,2276155269,Kayle,3,Side.red,True
1110,2276139456,Evelynn,1,Side.blue,False
1111,2276139456,Urgot,1,Side.blue,False
1112,2276139456,Thresh,6,Side.blue,False
1113,2276139456,Ryze,7,Side.blue,False
1114,2276139456,Caitlyn,0,Side.blue,False
1115,2276139456,Morgana,2,Side.red,False
1116,2276139456,Jhin,7,Side.red,False
1117,2276139456,Graves,5,Side.red,False
1118,2276139456,Pantheon,4,Side.red,False
1119,2276139456,Fizz,6,Side.red,False
1120,2276110097,Thresh,1,Side.blue,True
1121,2276110097,Tristana,0,Side.blue,True
1122,2276110097,Ekko,1,Side.blue,True
1123,2276110097,Darius,2,Side.blue,True
1124,2276110097,Sylas,3,Side.blue,True
1125,2276110097,Akali,2,Side.red,True
1126,2276110097,Leona,0,Side.red,True
1127,2276110097,Varus,4,Side.red,True
1128,2276110097,Jarvan IV,0,Side.red,True
1129,2276110097,Karthus,7,Side.red,True
1130,2272013013,Kai'Sa,2,Side.blue,True
1131,2272013013,Brand,4,Side.blue,True
1132,2272013013,Tryndamere,5,Side.blue,True
1133,2272013013,Thresh,4,Side.blue,True
1134,2272013013,Yasuo,3,Side.blue,True
1135,2272013013,Kayn,3,Side.red,True
1136,2272013013,Yuumi,0,Side.red,True
1137,2272013013,Yorick,3,Side.red,True
1138,2272013013,Anivia,1,Side.red,True
1139,2272013013,Corki,0,Side.red,True
1140,2271797218,Lee Sin,3,Side.blue,True
1141,2271797218,Gragas,2,Side.blue,True
1142,2271797218,Ryze,4,Side.blue,True
1143,2271797218,Malphite,2,Side.blue,True
1144,2271797218,Draven,3,Side.blue,True
1145,2271797218,Jhin,6,Side.red,True
1146,2271797218,Yuumi,1,Side.red,True
1147,2271797218,Tryndamere,4,Side.red,True
1148,2271797218,Ziggs,2,Side.red,True
1149,2271797218,Xin Zhao,1,Side.red,True
1150,2271683284,Zed,0,Side.blue,True
1151,2271683284,Lulu,6,Side.blue,True
1152,2271683284,Malphite,1,Side.blue,True
1153,2271683284,Vladimir,3,Side.blue,True
1154,2271683284,Vayne,4,Side.blue,True
1155,2271683284,Katarina,3,Side.red,True
1156,2271683284,Pantheon,4,Side.red,True
1157,2271683284,Shen,0,Side.red,True
1158,2271683284,Kog'Maw,0,Side.red,True
1159,2271683284,Zyra,0,Side.red,True
1160,2271628361,Evelynn,4,Side.blue,False
1161,2271628361,Garen,2,Side.blue,False
1162,2271628361,Malphite,0,Side.blue,False
1163,2271628361,Caitlyn,5,Side.blue,False
1164,2271628361,Ryze,2,Side.blue,False
1165,2271628361,Janna,3,Side.red,False
1166,2271628361,Vayne,5,Side.red,False
1167,2271628361,Akali,0,Side.red,False
1168,2271628361,Jax,2,Side.red,False
1169,2271628361,Kennen,1,Side.red,False
1170,2271542104,Ezreal,3,Side.blue,False
1171,2271542104,Yasuo,1,Side.blue,False
1172,2271542104,Tryndamere,0,Side.blue,False
1173,2271542104,Hecarim,5,Side.blue,False
1174,2271542104,Galio,1,Side.blue,False
1175,2271542104,Fiora,1,Side.red,False
1176,2271542104,Thresh,1,Side.red,False
1177,2271542104,Lee Sin,5,Side.red,False
1178,2271542104,Ryze,3,Side.red,False
1179,2271542104,Kalista,5,Side.red,False
1180,2271513356,Ryze,5,Side.blue,True
1181,2271513356,Vayne,5,Side.blue,True
1182,2271513356,Fiora,7,Side.blue,True
1183,2271513356,Kha'Zix,6,Side.blue,True
1184,2271513356,Rakan,5,Side.blue,True
1185,2271513356,Morgana,2,Side.red,True
1186,2271513356,Ezreal,6,Side.red,True
1187,2271513356,Vladimir,3,Side.red,True
1188,2271513356,Nidalee,0,Side.red,True
1189,2271513356,Gnar,5,Side.red,True
1190,2271505344,Olaf,1,Side.blue,True
1191,2271505344,Kha'Zix,2,Side.blue,True
1192,2271505344,Qiyana,4,Side.blue,True
1193,2271505344,Malphite,3,Side.blue,True
1194,2271505344,Yasuo,1,Side.blue,True
1195,2271505344,Kalista,4,Side.red,True
1196,2271505344,Rengar,6,Side.red,True
1197,2271505344,Irelia,3,Side.red,True
1198,2271505344,Sylas,3,Side.red,True
1199,2271505344,Alistar,5,Side.red,True
1200,2270359459,Akali,7,Side.blue,True
1201,2270359459,Jax,3,Side.blue,True
1202,2270359459,Morgana,1,Side.blue,True
1203,2270359459,Pantheon,5,Side.blue,True
1204,2270359459,Xayah,3,Side.blue,True
1205,2270359459,Ryze,5,Side.red,True
1206,2270359459,Vayne,4,Side.red,True
1207,2270359459,Fiora,4,Side.red,True
1208,2270359459,Rakan,0,Side.red,True
1209,2270359459,Shaco,7,Side.red,True
1210,2268970240,Kled,1,Side.blue,False
1211,2268970240,Kai'Sa,1,Side.blue,False
1212,2268970240,Nautilus,5,Side.blue,False
1213,2268970240,Neeko,2,Side.blue,False
1214,2268970240,Graves,3,Side.blue,False
1215,2268970240,Braum,0,Side.red,False
1216,2268970240,Elise,3,Side.red,False
1217,2268970240,Malzahar,1,Side.red,False
1218,2268970240,Caitlyn,2,Side.red,False
1219,2268970240,Talon,1,Side.red,False
1220,2268204185,Evelynn,7,Side.blue,False
1221,2268204185,Karma,3,Side.blue,False
1222,2268204185,Garen,5,Side.blue,False
1223,2268204185,Jinx,4,Side.blue,False
1224,2268204185,Ryze,4,Side.blue,False
1225,2268204185,Urgot,1,Side.red,False
1226,2268204185,Varus,2,Side.red,False
1227,2268204185,Xerath,6,Side.red,False
1228,2268204185,Jarvan IV,3,Side.red,False
1229,2268204185,Talon,5,Side.red,False
1230,2263426802,Tristana,0,Side.blue,True
1231,2263426802,Nautilus,0,Side.blue,True
1232,2263426802,Kalista,5,Side.blue,True
1233,2263426802,Karthus,1,Side.blue,True
1234,2263426802,Lee Sin,4,Side.blue,True
1235,2263426802,Jhin,2,Side.red,True
1236,2263426802,Mordekaiser,2,Side.red,True
1237,2263426802,Vi,2,Side.red,True
1238,2263426802,Brand,3,Side.red,True
1239,2263426802,Talon,4,Side.red,True
1240,2263412408,Brand,0,Side.blue,False
1241,2263412408,Nautilus,0,Side.blue,False
1242,2263412408,Vayne,5,Side.blue,False
1243,2263412408,Janna,2,Side.blue,False
1244,2263412408,Jax,0,Side.blue,False
1245,2263412408,Kha'Zix,1,Side.red,False
1246,2263412408,Pantheon,2,Side.red,False
1247,2263412408,Lux,7,Side.red,False
1248,2263412408,Caitlyn,0,Side.red,False
1249,2263412408,Garen,2,Side.red,False
1250,2263391945,Veigar,1,Side.blue,False
1251,2263391945,Janna,1,Side.blue,False
1252,2263391945,Dr. Mundo,3,Side.blue,False
1253,2263391945,Vayne,2,Side.blue,False
1254,2263391945,Xin Zhao,2,Side.blue,False
1255,2263391945,Hecarim,1,Side.red,False
1256,2263391945,Katarina,6,Side.red,False
1257,2263391945,Alistar,1,Side.red,False
1258,2263391945,Kalista,4,Side.red,False
1259,2263391945,Ornn,4,Side.red,False
1260,2262585574,Ornn,2,Side.blue,True
1261,2262585574,Thresh,2,Side.blue,True
1262,2262585574,Caitlyn,5,Side.blue,True
1263,2262585574,Graves,3,Side.blue,True
1264,2262585574,Gangplank,4,Side.blue,True
1265,2262585574,Trundle,0,Side.red,True
1266,2262585574,Tahm Kench,2,Side.red,True
1267,2262585574,Poppy,1,Side.red,True
1268,2262585574,Sylas,3,Side.red,True
1269,2262585574,Kindred,4,Side.red,True
1270,2262538460,Jinx,3,Side.blue,True
1271,2262538460,Lux,0,Side.blue,True
1272,2262538460,Garen,7,Side.blue,True
1273,2262538460,Vladimir,4,Side.blue,True
1274,2262538460,Nocturne,3,Side.blue,True
1275,2262538460,Zac,7,Side.red,True
1276,2262538460,Bard,0,Side.red,True
1277,2262538460,Dr. Mundo,3,Side.red,True
1278,2262538460,Jhin,0,Side.red,True
1279,2262538460,Alistar,2,Side.red,True
1280,2262500144,Dr. Mundo,0,Side.blue,False
1281,2262500144,Kai'Sa,7,Side.blue,False
1282,2262500144,Kayn,5,Side.blue,False
1283,2262500144,Nami,3,Side.blue,False
1284,2262500144,Irelia,4,Side.blue,False
1285,2262500144,Malphite,2,Side.red,False
1286,2262500144,Ekko,1,Side.red,False
1287,2262500144,Yasuo,6,Side.red,False
1288,2262500144,Galio,1,Side.red,False
1289,2262500144,Soraka,4,Side.red,False
1290,2254175514,Sylas,3,Side.blue,False
1291,2254175514,Tryndamere,7,Side.blue,False
1292,2254175514,Gragas,3,Side.blue,False
1293,2254175514,Pyke,4,Side.blue,False
1294,2254175514,Kai'Sa,6,Side.blue,False
1295,2254175514,Akali,4,Side.red,False
1296,2254175514,Blitzcrank,5,Side.red,False
1297,2254175514,Kalista,5,Side.red,False
1298,2254175514,Diana,3,Side.red,False
1299,2254175514,Aatrox,3,Side.red,False
1300,2250478878,Heimerdinger,4,Side.blue,True
1301,2250478878,Kai'Sa,7,Side.blue,True
1302,2250478878,Zed,3,Side.blue,True
1303,2250478878,Lee Sin,1,Side.blue,True
1304,2250478878,Pyke,1,Side.blue,True
1305,2250478878,Blitzcrank,0,Side.red,True
1306,2250478878,Lucian,7,Side.red,True
1307,2250478878,Kayle,5,Side.red,True
1308,2250478878,Sylas,2,Side.red,True
1309,2250478878,Tryndamere,5,Side.red,True
1310,2250435613,Garen,3,Side.blue,True
1311,2250435613,Zed,3,Side.blue,True
1312,2250435613,Elise,3,Side.blue,True
1313,2250435613,Pyke,0,Side.blue,True
1314,2250435613,Draven,1,Side.blue,True
1315,2250435613,Karma,2,Side.red,True
1316,2250435613,Master Yi,3,Side.red,True
1317,2250435613,Ziggs,2,Side.red,True
1318,2250435613,Kai'Sa,4,Side.red,True
1319,2250435613,Kayle,7,Side.red,True
1320,2250414375,Akali,3,Side.blue,False
1321,2250414375,Ziggs,0,Side.blue,False
1322,2250414375,Lee Sin,2,Side.blue,False
1323,2250414375,Vayne,2,Side.blue,False
1324,2250414375,Brand,1,Side.blue,False
1325,2250414375,Garen,1,Side.red,False
1326,2250414375,Ahri,3,Side.red,False
1327,2250414375,Udyr,0,Side.red,False
1328,2250414375,Jhin,2,Side.red,False
1329,2250414375,Janna,7,Side.red,False
1330,2250388565,Ezreal,3,Side.blue,False
1331,2250388565,Mordekaiser,4,Side.blue,False
1332,2250388565,Gragas,5,Side.blue,False
1333,2250388565,Lulu,2,Side.blue,False
1334,2250388565,Tristana,5,Side.blue,False
1335,2250388565,Varus,2,Side.red,False
1336,2250388565,Ziggs,2,Side.red,False
1337,2250388565,Janna,3,Side.red,False
1338,2250388565,Kayle,4,Side.red,False
1339,2250388565,Lee Sin,2,Side.red,False
1340,2250339749,Kennen,3,Side.blue,True
1341,2250339749,Leona,2,Side.blue,True
1342,2250339749,Kha'Zix,2,Side.blue,True
1343,2250339749,Kalista,1,Side.blue,True
1344,2250339749,Fizz,5,Side.blue,True
1345,2250339749,Lulu,0,Side.red,True
1346,2250339749,Qiyana,3,Side.red,True
1347,2250339749,Kayn,3,Side.red,True
1348,2250339749,Quinn,3,Side.red,True
1349,2250339749,Tristana,1,Side.red,True
1350,2248998201,Thresh,2,Side.blue,True
1351,2248998201,Ahri,4,Side.blue,True
1352,2248998201,Lee Sin,7,Side.blue,True
1353,2248998201,Shen,2,Side.blue,True
1354,2248998201,Kai'Sa,3,Side.blue,True
1355,2248998201,Karma,3,Side.red,True
1356,2248998201,Yasuo,5,Side.red,True
1357,2248998201,Diana,7,Side.red,True
1358,2248998201,Vi,5,Side.red,True
1359,2248998201,Irelia,2,Side.red,True
1360,2248966222,Varus,1,Side.blue,True
1361,2248966222,Thresh,5,Side.blue,True
1362,2248966222,Warwick,2,Side.blue,True
1363,2248966222,Shen,2,Side.blue,True
1364,2248966222,LeBlanc,3,Side.blue,True
1365,2248966222,Orianna,2,Side.red,True
1366,2248966222,Jarvan IV,3,Side.red,True
1367,2248966222,Tristana,5,Side.red,True
1368,2248966222,Renekton,1,Side.red,True
1369,2248966222,Alistar,4,Side.red,True
1370,2248970020,Lee Sin,4,Side.blue,False
1371,2248970020,Shen,2,Side.blue,False
1372,2248970020,Kassadin,1,Side.blue,False
1373,2248970020,Kai'Sa,0,Side.blue,False
1374,2248970020,Karma,5,Side.blue,False
1375,2248970020,Lux,1,Side.red,False
1376,2248970020,Jhin,2,Side.red,False
1377,2248970020,Rengar,3,Side.red,False
1378,2248970020,Teemo,5,Side.red,False
1379,2248970020,Akali,4,Side.red,False
1380,2248945187,Fizz,6,Side.blue,True
1381,2248945187,Kha'Zix,2,Side.blue,True
1382,2248945187,Darius,7,Side.blue,True
1383,2248945187,Irelia,3,Side.blue,True
1384,2248945187,Veigar,3,Side.blue,True
1385,2248945187,Teemo,5,Side.red,True
1386,2248945187,Cassiopeia,1,Side.red,True
1387,2248945187,Vayne,2,Side.red,True
1388,2248945187,Aatrox,7,Side.red,True
1389,2248945187,Kassadin,0,Side.red,True
1390,2248929814,Riven,1,Side.blue,True
1391,2248929814,Hecarim,0,Side.blue,True
1392,2248929814,Varus,5,Side.blue,True
1393,2248929814,Pyke,1,Side.blue,True
1394,2248929814,Vladimir,4,Side.blue,True
1395,2248929814,Kayn,4,Side.red,True
1396,2248929814,Draven,4,Side.red,True
1397,2248929814,Darius,6,Side.red,True
1398,2248929814,Katarina,1,Side.red,True
1399,2248929814,Thresh,4,Side.red,True
1400,2248909747,Quinn,1,Side.blue,False
1401,2248909747,Gragas,5,Side.blue,False
1402,2248909747,Draven,6,Side.blue,False
1403,2248909747,Lucian,2,Side.blue,False
1404,2248909747,Thresh,5,Side.blue,False
1405,2248909747,Ekko,7,Side.red,False
1406,2248909747,Ryze,4,Side.red,False
1407,2248909747,Hecarim,3,Side.red,False
1408,2248909747,Kog'Maw,1,Side.red,False
1409,2248909747,Lulu,3,Side.red,False
1410,2248891017,Elise,6,Side.blue,True
1411,2248891017,Camille,7,Side.blue,True
1412,2248891017,Jinx,5,Side.blue,True
1413,2248891017,Volibear,0,Side.blue,True
1414,2248891017,Zed,4,Side.blue,True
1415,2248891017,Kai'Sa,5,Side.red,True
1416,2248891017,Jarvan IV,3,Side.red,True
1417,2248891017,Galio,2,Side.red,True
1418,2248891017,Nami,3,Side.red,True
1419,2248891017,Annie,4,Side.red,True
1420,2245936867,Nautilus,1,Side.blue,False
1421,2245936867,Camille,7,Side.blue,False
1422,2245936867,Kai'Sa,2,Side.blue,False
1423,2245936867,Diana,1,Side.blue,False
1424,2245936867,Lee Sin,5,Side.blue,False
1425,2245936867,Rengar,5,Side.red,False
1426,2245936867,Shen,0,Side.red,False
1427,2245936867,Kog'Maw,7,Side.red,False
1428,2245936867,Vel'Koz,5,Side.red,False
1429,2245936867,Leona,2,Side.red,False
1430,2245940564,Thresh,3,Side.blue,False
1431,2245940564,Orianna,6,Side.blue,False
1432,2245940564,Akali,1,Side.blue,False
1433,2245940564,Jarvan IV,1,Side.blue,False
1434,2245940564,Kai'Sa,0,Side.blue,False
1435,2245940564,Camille,1,Side.red,False
1436,2245940564,Kog'Maw,2,Side.red,False
1437,2245940564,Lux,6,Side.red,False
1438,2245940564,Nunu & Willump,3,Side.red,False
1439,2245940564,Lulu,1,Side.red,False
1440,2236988850,Gangplank,1,Side.blue,False
1441,2236988850,Renekton,0,Side.blue,False
1442,2236988850,Janna,1,Side.blue,False
1443,2236988850,Jinx,4,Side.blue,False
1444,2236988850,Karthus,3,Side.blue,False
1445,2236988850,Shen,3,Side.red,False
1446,2236988850,Lucian,3,Side.red,False
1447,2236988850,Bard,3,Side.red,False
1448,2236988850,Elise,6,Side.red,False
1449,2236988850,Sylas,2,Side.red,False
1450,2236961563,Vayne,5,Side.blue,True
1451,2236961563,Pyke,7,Side.blue,True
1452,2236961563,Shen,4,Side.blue,True
1453,2236961563,Draven,4,Side.blue,True
1454,2236961563,Malzahar,0,Side.blue,True
1455,2236961563,Ashe,3,Side.red,True
1456,2236961563,Bard,6,Side.red,True
1457,2236961563,Hecarim,7,Side.red,True
1458,2236961563,Jayce,4,Side.red,True
1459,2236961563,Akali,3,Side.red,True
1460,2236941301,Xerath,2,Side.blue,True
1461,2236941301,Lulu,1,Side.blue,True
1462,2236941301,Diana,1,Side.blue,True
1463,2236941301,Jinx,1,Side.blue,True
1464,2236941301,Yorick,2,Side.blue,True
1465,2236941301,Morgana,0,Side.red,True
1466,2236941301,Camille,0,Side.red,True
1467,2236941301,Renekton,3,Side.red,True
1468,2236941301,Lucian,1,Side.red,True
1469,2236941301,Evelynn,1,Side.red,True
1470,2234346436,Camille,4,Side.blue,True
1471,2234346436,Nidalee,5,Side.blue,True
1472,2234346436,Braum,6,Side.blue,True
1473,2234346436,Taric,5,Side.blue,True
1474,2234346436,Tahm Kench,2,Side.blue,True
1475,2234346436,Irelia,2,Side.red,True
1476,2234346436,Lux,4,Side.red,True
1477,2234346436,Hecarim,1,Side.red,True
1478,2234346436,Ezreal,2,Side.red,True
1479,2234346436,Kayle,2,Side.red,True
1480,2234341259,Jhin,2,Side.blue,True
1481,2234341259,Amumu,5,Side.blue,True
1482,2234341259,Veigar,2,Side.blue,True
1483,2234341259,Fiora,7,Side.blue,True
1484,2234341259,Morgana,1,Side.blue,True
1485,2234341259,Karma,1,Side.red,True
1486,2234341259,Akali,5,Side.red,True
1487,2234341259,Hecarim,1,Side.red,True
1488,2234341259,Ezreal,6,Side.red,True
1489,2234341259,Kayle,6,Side.red,True
1490,2234305267,Lulu,5,Side.blue,False
1491,2234305267,Annie,4,Side.blue,False
1492,2234305267,Hecarim,2,Side.blue,False
1493,2234305267,Kog'Maw,3,Side.blue,False
1494,2234305267,Kayle,2,Side.blue,False
1495,2234305267,Ashe,6,Side.red,False
1496,2234305267,Lux,6,Side.red,False
1497,2234305267,Shen,2,Side.red,False
1498,2234305267,Katarina,4,Side.red,False
1499,2234305267,Wukong,2,Side.red,False
1500,2234276454,Morgana,5,Side.blue,True
1501,2234276454,Kai'Sa,5,Side.blue,True
1502,2234276454,Nunu & Willump,1,Side.blue,True
1503,2234276454,Teemo,6,Side.blue,True
1504,2234276454,Zed,3,Side.blue,True
1505,2234276454,Blitzcrank,1,Side.red,True
1506,2234276454,Yasuo,3,Side.red,True
1507,2234276454,Skarner,3,Side.red,True
1508,2234276454,Kalista,1,Side.red,True
1509,2234276454,Kayle,1,Side.red,True
1510,2234280644,Morgana,1,Side.blue,True
1511,2234280644,Kassadin,2,Side.blue,True
1512,2234280644,Zac,7,Side.blue,True
1513,2234280644,Kalista,5,Side.blue,True
1514,2234280644,Kayle,3,Side.blue,True
1515,2234280644,Xerath,6,Side.red,True
1516,2234280644,Jinx,2,Side.red,True
1517,2234280644,Fizz,4,Side.red,True
1518,2234280644,Gnar,1,Side.red,True
1519,2234280644,Sejuani,2,Side.red,True
1520,2234212664,Tryndamere,4,Side.blue,False
1521,2234212664,Pyke,7,Side.blue,False
1522,2234212664,Diana,7,Side.blue,False
1523,2234212664,Caitlyn,1,Side.blue,False
1524,2234212664,Master Yi,7,Side.blue,False
1525,2234212664,Blitzcrank,0,Side.red,False
1526,2234212664,Katarina,5,Side.red,False
1527,2234212664,Rengar,1,Side.red,False
1528,2234212664,Kalista,2,Side.red,False
1529,2234212664,Kayle,1,Side.red,False
1530,2234096050,Yuumi,4,Side.blue,False
1531,2234096050,Garen,1,Side.blue,False
1532,2234096050,Jhin,5,Side.blue,False
1533,2234096050,Syndra,0,Side.blue,False
1534,2234096050,Elise,5,Side.blue,False
1535,2234096050,Pyke,4,Side.red,False
1536,2234096050,Xerath,0,Side.red,False
1537,2234096050,Ezreal,6,Side.red,False
1538,2234096050,Kindred,1,Side.red,False
1539,2234096050,Teemo,0,Side.red,False
1540,2234051776,Aurelion Sol,5,Side.blue,False
1541,2234051776,Darius,1,Side.blue,False
1542,2234051776,Skarner,3,Side.blue,False
1543,2234051776,Camille,5,Side.blue,False
1544,2234051776,Jarvan IV,4,Side.blue,False
1545,2234051776,Vladimir,3,Side.red,False
1546,2234051776,Zed,3,Side.red,False
1547,2234051776,Warwick,4,Side.red,False
1548,2234051776,Akali,2,Side.red,False
1549,2234051776,Gragas,1,Side.red,False
1550,2234023579,Kindred,4,Side.blue,False
1551,2234023579,Shen,2,Side.blue,False
1552,2234023579,Kai'Sa,7,Side.blue,False
1553,2234023579,Lux,0,Side.blue,False
1554,2234023579,Heimerdinger,2,Side.blue,False
1555,2234023579,Ivern,2,Side.red,False
1556,2234023579,Draven,4,Side.red,False
1557,2234023579,Azir,7,Side.red,False
1558,2234023579,Ornn,3,Side.red,False
1559,2234023579,Pyke,4,Side.red,False
1560,2233966995,Ezreal,5,Side.blue,False
1561,2233966995,Thresh,3,Side.blue,False
1562,2233966995,Vayne,7,Side.blue,False
1563,2233966995,Teemo,1,Side.blue,False
1564,2233966995,Elise,7,Side.blue,False
1565,2233966995,Lux,4,Side.red,False
1566,2233966995,Twisted Fate,5,Side.red,False
1567,2233966995,Mordekaiser,7,Side.red,False
1568,2233966995,Kai'Sa,4,Side.red,False
1569,2233966995,Jax,6,Side.red,False
1570,2233602456,Kennen,4,Side.blue,False
1571,2233602456,Alistar,4,Side.blue,False
1572,2233602456,Yasuo,2,Side.blue,False
1573,2233602456,Ezreal,2,Side.blue,False
1574,2233602456,Lee Sin,2,Side.blue,False
1575,2233602456,Miss Fortune,4,Side.red,False
1576,2233602456,Sejuani,2,Side.red,False
1577,2233602456,Blitzcrank,5,Side.red,False
1578,2233602456,Taric,5,Side.red,False
1579,2233602456,Kalista,4,Side.red,False
1580,2233594339,Lee Sin,2,Side.blue,True
1581,2233594339,Mordekaiser,4,Side.blue,True
1582,2233594339,Malphite,3,Side.blue,True
1583,2233594339,Yasuo,1,Side.blue,True
1584,2233594339,Vel'Koz,5,Side.blue,True
1585,2233594339,Jayce,0,Side.red,True
1586,2233594339,Rammus,3,Side.red,True
1587,2233594339,Yuumi,0,Side.red,True
1588,2233594339,Annie,7,Side.red,True
1589,2233594339,Sivir,2,Side.red,True
1590,2233568533,Sylas,5,Side.blue,False
1591,2233568533,Gnar,4,Side.blue,False
1592,2233568533,Ashe,4,Side.blue,False
1593,2233568533,Leona,2,Side.blue,False
1594,2233568533,Amumu,1,Side.blue,False
1595,2233568533,Nidalee,1,Side.red,False
1596,2233568533,Mordekaiser,4,Side.red,False
1597,2233568533,Thresh,2,Side.red,False
1598,2233568533,Yasuo,6,Side.red,False
1599,2233568533,Lux,5,Side.red,False
1600,2233504725,Ahri,5,Side.blue,False
1601,2233504725,Tryndamere,4,Side.blue,False
1602,2233504725,Kai'Sa,6,Side.blue,False
1603,2233504725,Qiyana,2,Side.blue,False
1604,2233504725,Shaco,3,Side.blue,False
1605,2233504725,Ivern,3,Side.red,False
1606,2233504725,Janna,1,Side.red,False
1607,2233504725,Malphite,1,Side.red,False
1608,2233504725,Caitlyn,7,Side.red,False
1609,2233504725,Syndra,3,Side.red,False
1610,2230043232,Braum,2,Side.blue,True
1611,2230043232,Kayn,4,Side.blue,True
1612,2230043232,Yorick,4,Side.blue,True
1613,2230043232,Kai'Sa,4,Side.blue,True
1614,2230043232,Qiyana,1,Side.blue,True
1615,2230043232,Gragas,0,Side.red,True
1616,2230043232,Mordekaiser,3,Side.red,True
1617,2230043232,Malphite,0,Side.red,True
1618,2230043232,Vayne,1,Side.red,True
1619,2230043232,Morgana,4,Side.red,True
1620,2228699413,Pyke,6,Side.blue,False
1621,2228699413,Lucian,7,Side.blue,False
1622,2228699413,Cho'Gath,0,Side.blue,False
1623,2228699413,Zac,1,Side.blue,False
1624,2228699413,Qiyana,4,Side.blue,False
1625,2228699413,Illaoi,2,Side.red,False
1626,2228699413,Lee Sin,0,Side.red,False
1627,2228699413,Kai'Sa,5,Side.red,False
1628,2228699413,Thresh,2,Side.red,False
1629,2228699413,Akali,6,Side.red,False
1630,2182079935,Jax,1,Side.blue,True
1631,2182079935,Renekton,4,Side.blue,True
1632,2182079935,Akali,3,Side.blue,True
1633,2182079935,Soraka,2,Side.blue,True
1634,2182079935,Ezreal,1,Side.blue,True
1635,2182079935,Twisted Fate,4,Side.red,True
1636,2182079935,Rammus,1,Side.red,True
1637,2182079935,Pyke,2,Side.red,True
1638,2182079935,Draven,2,Side.red,True
1639,2182079935,Nasus,4,Side.red,True
1640,2182054488,Pyke,2,Side.blue,False
1641,2182054488,Kai'Sa,0,Side.blue,False
1642,2182054488,Kayn,0,Side.blue,False
1643,2182054488,Yorick,2,Side.blue,False
1644,2182054488,Akali,2,Side.blue,False
1645,2182054488,Xin Zhao,1,Side.red,False
1646,2182054488,Draven,2,Side.red,False
1647,2182054488,Wukong,1,Side.red,False
1648,2182054488,Tryndamere,1,Side.red,False
1649,2182054488,Nasus,1,Side.red,False
1650,2168625244,Yasuo,2,Side.blue,True
1651,2168625244,Morgana,2,Side.blue,True
1652,2168625244,Jinx,3,Side.blue,True
1653,2168625244,Kayle,1,Side.blue,True
1654,2168625244,Kayn,0,Side.blue,True
1655,2168625244,Hecarim,0,Side.red,True
1656,2168625244,Karma,1,Side.red,True
1657,2168625244,Renekton,3,Side.red,True
1658,2168625244,Caitlyn,6,Side.red,True
1659,2168625244,Viktor,2,Side.red,True
1660,2168610997,Draven,3,Side.blue,False
1661,2168610997,Lux,2,Side.blue,False
1662,2168610997,Urgot,3,Side.blue,False
1663,2168610997,Zac,1,Side.blue,False
1664,2168610997,Lissandra,4,Side.blue,False
1665,2168610997,Blitzcrank,4,Side.red,False
1666,2168610997,Akali,4,Side.red,False
1667,2168610997,Malphite,4,Side.red,False
1668,2168610997,Vayne,3,Side.red,False
1669,2168610997,Zed,4,Side.red,False
1670,2168593781,Ezreal,4,Side.blue,False
1671,2168593781,Lee Sin,6,Side.blue,False
1672,2168593781,Malphite,4,Side.blue,False
1673,2168593781,Karma,4,Side.blue,False
1674,2168593781,Akali,2,Side.blue,False
1675,2168593781,Draven,2,Side.red,False
1676,2168593781,Janna,2,Side.red,False
1677,2168593781,Yorick,7,Side.red,False
1678,2168593781,Caitlyn,5,Side.red,False
1679,2168593781,Ekko,7,Side.red,False
1680,2155532093,Lee Sin,5,Side.blue,False
1681,2155532093,Janna,7,Side.blue,False
1682,2155532093,Yorick,2,Side.blue,False
1683,2155532093,Caitlyn,7,Side.blue,False
1684,2155532093,Neeko,6,Side.blue,False
1685,2155532093,Tristana,7,Side.red,False
1686,2155532093,Anivia,3,Side.red,False
1687,2155532093,Nasus,2,Side.red,False
1688,2155532093,Sejuani,5,Side.red,False
1689,2155532093,Morgana,5,Side.red,False
1690,2155486460,Thresh,5,Side.blue,True
1691,2155486460,Sylas,3,Side.blue,True
1692,2155486460,Yorick,2,Side.blue,True
1693,2155486460,Lucian,7,Side.blue,True
1694,2155486460,Akali,5,Side.blue,True
1695,2155486460,Caitlyn,5,Side.red,True
1696,2155486460,Jarvan IV,3,Side.red,True
1697,2155486460,Lux,4,Side.red,True
1698,2155486460,Yasuo,5,Side.red,True
1699,2155486460,Fiora,6,Side.red,True
1700,2153437016,Morgana,4,Side.blue,False
1701,2153437016,Kha'Zix,2,Side.blue,False
1702,2153437016,Ezreal,4,Side.blue,False
1703,2153437016,Kayle,2,Side.blue,False
1704,2153437016,Zed,4,Side.blue,False
1705,2153437016,Elise,2,Side.red,False
1706,2153437016,Sivir,0,Side.red,False
1707,2153437016,Zyra,3,Side.red,False
1708,2153437016,Ryze,0,Side.red,False
1709,2153437016,Nasus,5,Side.red,False
1710,2152717689,Ziggs,0,Side.blue,True
1711,2152717689,Irelia,0,Side.blue,True
1712,2152717689,Master Yi,0,Side.blue,True
1713,2152717689,Sylas,1,Side.blue,True
1714,2152717689,Caitlyn,1,Side.blue,True
1715,2152717689,Draven,0,Side.red,True
1716,2152717689,Swain,0,Side.red,True
1717,2152717689,Lee Sin,0,Side.red,True
1718,2152717689,Jayce,0,Side.red,True
1719,2152717689,Braum,0,Side.red,True
1720,2152692026,Irelia,0,Side.blue,True
1721,2152692026,Ekko,3,Side.blue,True
1722,2152692026,Neeko,2,Side.blue,True
1723,2152692026,Zoe,5,Side.blue,True
1724,2152692026,Fiddlesticks,1,Side.blue,True
1725,2152692026,Draven,5,Side.red,True
1726,2152692026,Swain,0,Side.red,True
1727,2152692026,Yasuo,5,Side.red,True
1728,2152692026,Nami,2,Side.red,True
1729,2152692026,Evelynn,6,Side.red,True
